remainingtime, autonomousrobot, alarm, robotx, roboty, robotangle, treesstate, batterylevel, temperature, waterlevel, groundtankwaterlevel, leaksnumber, usedkeys, clicks, others, keyboardshortcuts 
600, 0, -1, -0.000003036812813661527, -0.000005241560756985564, 0.0001693322410574183, fals0.0fals0.0fals0.0fals0.0fals0.0fals0.0fals0.0fals0.0false, 100, 10, 50, 50, fals0.0fals0.0fals0.0fals0.0fals0.0fals0.0fals0.0fals0.0false, -1, -1, -1, -1
599, 0, -1, -0.0000028796966944355518, -0.000005291211436997401, 0.00017008920258376747, fals0.0fals0.0fals0.0fals0.0fals0.0fals0.0fals0.0fals0.0false, 100, 50, 50, 50, fals0.0fals0.0fals0.0fals0.0fals0.0fals0.0fals0.0fals0.0false, -1, -1, -1, -1
598, 0, -1, -0.0000027679170671035536, -0.000005341828909877222, 0.00017087119340430945, fals0.0fals0.0fals0.0fals0.0fals0.0fals0.0fals0.0fals0.0false, 99, 50, 50, 50, fals0.0fals0.0fals0.0fals0.0fals0.0fals0.0fals0.0fals0.0false, -1, -1, -1, -1
597, 0, -1, -0.0000026577390599413775, -0.000005391567810875131, 0.00017164091696031392, fals0.0fals0.0fals0.0tru0.0fals0.0fals0.0fals0.0fals0.0false, 99, 50, 50, 50, fals0.0fals0.0fals0.0fals0.0fals0.0fals0.0fals0.0fals0.0false, -1, -1, -1, -1
596, 0, -1, -0.0000025072401967918267, -0.000005441684606921626, 0.0001724219910101965, fals0.0fals0.0fals0.0tru0.0fals0.0fals0.0fals0.0fals0.0false, 98, 50, 50, 50, fals0.0fals0.0fals0.0fals0.0fals0.0fals0.0fals0.0fals0.0false, -1, -1, -1, -1
595, 0, -1, -0.0000023636305286345305, -0.000005493716344062705, 0.00017321632185485214, fals0.0fals0.0fals0.0tru0.0fals0.0fals0.0fals0.0fals0.0false, 98, 50, 50, 50, tru0.0fals0.0fals0.0fals0.0fals0.0fals0.0fals0.0fals0.0false, -1, -1, -1, -1
594, 0, -1, -0.000002163502131224959, -0.000005544779014599044, 0.00017401072545908391, fals0.0fals0.0fals0.0tru0.0fals0.0fals0.0fals0.0fals0.0false, 97, 50, 50, 49.44444444444443, tru0.0fals0.0fals0.0fals0.0fals0.0fals0.0fals0.0fals0.0false, -1, -1, -1, -1
593, 0, -1, -0.0000020748673250636784, -0.00000559605041416944, 0.00017480507085565478, fals0.0fals0.0fals0.0tru0.0fals0.0fals0.0fals0.0fals0.0false, 97, 50, 50, 48.88888888888886, tru0.0fals0.0fals0.0fals0.0fals0.0fals0.0fals0.0fals0.0false, -1, wrench, -1, -1
592, 0, -1, -0.0000018922265780929592, -0.000005646270437864587, 0.0001755771809257567, fals0.0fals0.0fals0.0tru0.0fals0.0fals0.0fals0.0fals0.0false, 96, 50, 50, 48.555555555555515, fals0.0fals0.0fals0.0fals0.0fals0.0fals0.0fals0.0fals0.0false, -1, clickLeak0, -1, -1
