remainingtime, autonomousrobot, alarm, robotx, roboty, robotangle, treesstate, batterylevel, temperature, waterlevel, groundtankwaterlevel, leaksnumber, usedkeys, clicks, others, keyboardshortcuts 
600, 0, -1, -0.0000027380235678720055, -0.000005335712558007799, 0.00017078140808735043, fals0.0fals0.0fals0.0fals0.0fals0.0fals0.0fals0.0fals0.0false, 100, 10, 50, 50, fals0.0fals0.0fals0.0fals0.0fals0.0fals0.0fals0.0fals0.0false, -1, -1, -1, -1
599, 0, -1, -0.000002576664201114909, -0.000005384657015383709, 0.00017153802036773413, fals0.0fals0.0fals0.0fals0.0fals0.0fals0.0fals0.0fals0.0false, 100, 50, 50, 50, fals0.0fals0.0fals0.0fals0.0fals0.0fals0.0fals0.0fals0.0false, -1, -1, -1, -1
598, 0, -1, -0.0000024877817850210704, -0.000005435885668703122, 0.00017232907703146338, fals0.0fals0.0fals0.0fals0.0fals0.0fals0.0fals0.0fals0.0false, 99, 50, 50, 50, fals0.0fals0.0fals0.0fals0.0fals0.0fals0.0fals0.0fals0.0false, -1, -1, -1, -1
597, 0, -1, -0.0000023445761598850368, -0.000005487414000526769, 0.00017312333511654288, fals0.0fals0.0fals0.0fals0.0fals0.0fals0.0tru0.0fals0.0false, 99, 50, 50, 50, fals0.0fals0.0fals0.0fals0.0fals0.0fals0.0fals0.0fals0.0false, -1, -1, -1, -1
596, 0, -1, -0.0000022554404495167546, -0.000005538589903153479, 0.0001739178114803508, fals0.0fals0.0fals0.0fals0.0fals0.0fals0.0tru0.0fals0.0false, 98, 50, 50, 50, fals0.0fals0.0fals0.0fals0.0fals0.0fals0.0fals0.0fals0.0false, -1, -1, -1, -1
595, 0, -1, -0.0000020528668756014667, -0.000005590326054516481, 0.00017471307364758104, fals0.0fals0.0fals0.0fals0.0fals0.0fals0.0tru0.0fals0.0false, 98, 50, 50, 50, fals0.0fals0.0fals0.0fals0.0fals0.0tru0.0fals0.0fals0.0false, -1, -1, -1, -1
594, 0, -1, -0.0000019750816591113107, -0.000005640205927193165, 0.0001754871045704931, tru0.0fals0.0fals0.0fals0.0fals0.0fals0.0tru0.0fals0.0false, 97, 50, 50, 49.44444444444443, fals0.0fals0.0fals0.0fals0.0fals0.0tru0.0fals0.0fals0.0false, -1, -1, -1, -1
