remainingtime, autonomousrobot, alarm, robotx, roboty, robotangle, treesstate, batterylevel, temperature, waterlevel, groundtankwaterlevel, leaksnumber, usedkeys, clicks, others, keyboardshortcuts 
600, 0, -1, 0.0000717823495506309, -0.0000390710229112301, -0.0012678742641583085, fals0.0fals0.0fals0.0fals0.0fals0.0fals0.0fals0.0fals0.0false, 100, 10, 50, 50, fals0.0fals0.0fals0.0fals0.0fals0.0fals0.0fals0.0fals0.0false, -1, -1, -1, -1
599, 0, -1, 0.00007097463094396517, -0.000034208693250548095, -0.0013470450649037957, fals0.0fals0.0fals0.0fals0.0fals0.0fals0.0fals0.0fals0.0false, 100, 50, 50, 50, fals0.0fals0.0fals0.0fals0.0fals0.0fals0.0fals0.0fals0.0false, -1, -1, -1, -1
598, 0, -1, 0.00006408166518667713, -0.000029512248147511855, -0.001423548092134297, fals0.0fals0.0fals0.0fals0.0fals0.0fals0.0fals0.0fals0.0false, 99, 50, 50, 50, fals0.0fals0.0fals0.0fals0.0fals0.0fals0.0fals0.0fals0.0false, -1, -1, -1, -1
597, 0, -1, 0.00006560426118085161, -0.00002478012174833566, -0.0014979084953665733, fals0.0fals0.0fals0.0fals0.0fals0.0fals0.0fals0.0fals0.0false, 99, 50, 50, 50, fals0.0fals0.0fals0.0fals0.0fals0.0fals0.0fals0.0fals0.0false, -1, -1, -1, -1
596, 0, -1, 0.00006734850467182696, -0.000020216477423673496, -0.0015695512993261218, fals0.0fals0.0fals0.0fals0.0fals0.0fals0.0fals0.0fals0.0false, 98, 50, 50, 50, fals0.0fals0.0fals0.0fals0.0fals0.0fals0.0fals0.0fals0.0false, -1, -1, -1, -1
595, 0, -1, 0.00006921264139236882, -0.000015358000382548198, -0.0016453928546980023, fals0.0fals0.0fals0.0fals0.0fals0.0fals0.0fals0.0fals0.0false, 98, 50, 50, 50, fals0.0tru0.0fals0.0fals0.0fals0.0fals0.0fals0.0fals0.0false, -1, -1, -1, -1
594, 0, -1, 0.00007091843872331083, -0.000013572884199675173, -0.0016740374267101288, fals0.0fals0.0fals0.0fals0.0fals0.0fals0.0fals0.0fals0.0false, 97, 50, 50, 49.44444444444443, fals0.0tru0.0fals0.0fals0.0fals0.0fals0.0fals0.0fals0.0false, -1, -1, -1, -1
