remainingtime, autonomousrobot, alarm, robotx, roboty, robotangle, treesstate, batterylevel, temperature, waterlevel, groundtankwaterlevel, leaksnumber, usedkeys, clicks 
600, 0, -1, 0.00003504960477584973, -0.0001266960025532171, 0.00009108406084123999, fals0.0fals0.0fals0.0fals0.0fals0.0fals0.0fals0.0fals0.0false, 100, 50, 50, 50, fals0.0fals0.0fals0.0fals0.0fals0.0fals0.0fals0.0fals0.0false, -1, -1
599, 0, -1, 0.00003287665094831027, -0.00012163911742391065, 0.000013285378372529522, fals0.0fals0.0fals0.0fals0.0fals0.0fals0.0fals0.0fals0.0false, 100, 50, 50, 50, fals0.0fals0.0fals0.0fals0.0fals0.0fals0.0fals0.0fals0.0false, -1, -1
598, 0, -1, 0.00003204443783033639, -0.0001166963847936131, -0.00006271049642236903, fals0.0fals0.0fals0.0fals0.0fals0.0fals0.0fals0.0fals0.0false, 99, 50, 50, 50, fals0.0fals0.0fals0.0fals0.0fals0.0fals0.0fals0.0fals0.0false, left, -1
597, 0, -1, -0.0003515828575473279, 0.00036336315679363906, 0.4762049615383148, fals0.0fals0.0fals0.0fals0.0fals0.0tru0.0fals0.0fals0.0false, 99, 50, 50, 50, fals0.0fals0.0fals0.0fals0.0fals0.0fals0.0fals0.0fals0.0false, left-left-left-left-left-left-left-left-left-left, -1
596, 0, -1, -0.00016471162962261587, 0.0007296621915884316, 1.0105708837509155, fals0.0fals0.0fals0.0fals0.0fals0.0tru0.0fals0.0fals0.0false, 98, 50, 50, 50, fals0.0fals0.0fals0.0fals0.0fals0.0fals0.0fals0.0fals0.0false, left-left-left, -1
595, 0, -1, 0.0001288169005420059, 0.0011955855879932642, 1.1462875604629517, fals0.0fals0.0fals0.0fals0.0fals0.0tru0.0fals0.0fals0.0false, 98, 50, 50, 50, fals0.0fals0.0fals0.0fals0.0fals0.0fals0.0fals0.0fals0.0false, -1, -1
