remainingtime, autonomousrobot, alarm, robotx, roboty, robotangle, treesstate, batterylevel, temperature, waterlevel, groundtankwaterlevel, leaksnumber, usedkeys, clicks 
600, 0, -1, -0.0000036024380278831813, -0.000005020801836508326, 0.0001659503031987697, fals0.0fals0.0fals0.0fals0.0fals0.0fals0.0fals0.0fals0.0false, 100, 50, 50, 50, fals0.0fals0.0fals0.0fals0.0fals0.0fals0.0fals0.0fals0.0false, -1, giveUp
599, 0, -1, -0.000003183748049195856, -0.000005207736194279278, 0.00016880691691767424, fals0.0fals0.0fals0.0fals0.0fals0.0fals0.0fals0.0fals0.0false, 100, 50, 50, 50, fals0.0fals0.0fals0.0fals0.0fals0.0fals0.0fals0.0fals0.0false, -1, -1
598, 0, -1, -0.000002965307658087113, -0.000005258411874820013, 0.00016958882042672485, fals0.0fals0.0fals0.0fals0.0fals0.0fals0.0fals0.0fals0.0false, 99, 50, 50, 50, fals0.0fals0.0fals0.0fals0.0fals0.0fals0.0fals0.0fals0.0false, -1, -1
597, 0, -1, -0.0000028547458441607887, -0.0000053093876886123326, 0.00017037094221450388, fals0.0fals0.0fals0.0fals0.0fals0.0fals0.0fals0.0fals0.0false, 99, 50, 50, 50, fals0.0fals0.0fals0.0fals0.0fals0.0fals0.0fals0.0fals0.0false, -1, -1
