remainingtime, autonomousrobot, alarm, robotx, roboty, robotangle, treesstate, batterylevel, temperature, waterlevel, groundtankwaterlevel, leaksnumber, usedkeys, clicks 
600, 0, -1, 0.000035119610402034596, -0.00012685920228250325, 0.00009363054414279759, fals0.0fals0.0fals0.0fals0.0fals0.0fals0.0fals0.0fals0.0false, 100, 50, 50, 50, fals0.0fals0.0fals0.0fals0.0fals0.0fals0.0fals0.0fals0.0false, -1, -1
599, 0, -1, 0.000032886840926948935, -0.00012188706750748679, 0.00001709332354948856, fals0.0fals0.0fals0.0fals0.0fals0.0fals0.0fals0.0fals0.0false, 100, 50, 50, 50, fals0.0fals0.0fals0.0fals0.0fals0.0fals0.0fals0.0fals0.0false, -1, -1
598, 0, -1, 0.00003217179619241506, -0.0001169431270682253, -0.00005891355249332264, fals0.0fals0.0fals0.0fals0.0fals0.0fals0.0fals0.0fals0.0false, 99, 50, 50, 50, fals0.0fals0.0fals0.0fals0.0fals0.0fals0.0fals0.0fals0.0false, -1, -1
597, 0, -1, 0.000027863923605764285, -0.00011200465814908966, -0.00013495552411768585, fals0.0fals0.0fals0.0fals0.0fals0.0tru0.0fals0.0fals0.0false, 99, 50, 50, 50, fals0.0fals0.0fals0.0fals0.0fals0.0fals0.0fals0.0fals0.0false, -1, -1
596, 0, -1, 0.000022940048438613303, -0.00010707046749303117, -0.00021089508663862944, fals0.0fals0.0fals0.0fals0.0fals0.0tru0.0fals0.0fals0.0false, 98, 50, 50, 50, fals0.0fals0.0fals0.0fals0.0fals0.0fals0.0fals0.0fals0.0false, -1, -1
595, 0, -1, 0.000024743303583818488, -0.00010213896166533232, -0.0002868273586500436, fals0.0fals0.0fals0.0fals0.0fals0.0tru0.0fals0.0fals0.0false, 98, 50, 50, 50, fals0.0fals0.0fals0.0fals0.0fals0.0fals0.0fals0.0fals0.0true, -1, -1
