remainingtime, autonomousrobot, alarm, robotx, roboty, robotangle, treesstate, batterylevel, temperature, waterlevel, groundtankwaterlevel, leaksnumber, usedkeys, clicks, others, keyboardshortcuts 
600, 0, -1, -0.000002698080834306893, -0.000005345437330106506, 0.0001709223579382524, fals0.0fals0.0fals0.0fals0.0fals0.0fals0.0fals0.0fals0.0false, 100, 10, 50, 50, fals0.0fals0.0fals0.0fals0.0fals0.0fals0.0fals0.0fals0.0false, -1, -1, -1, -1
599, 0, -1, -0.0000026428551791468635, -0.000005394406343839364, 0.00017169234342873096, fals0.0fals0.0fals0.0fals0.0fals0.0fals0.0fals0.0fals0.0false, 100, 50, 50, 50, fals0.0fals0.0fals0.0fals0.0fals0.0fals0.0fals0.0fals0.0false, -1, -1, -1, -1
598, 0, -1, -0.0000024863541057129623, -0.0000054453366828965954, 0.0001724748290143907, fals0.0fals0.0fals0.0fals0.0fals0.0fals0.0fals0.0fals0.0false, 99, 50, 50, 50, fals0.0fals0.0fals0.0fals0.0fals0.0fals0.0fals0.0fals0.0false, -1, -1, -1, -1
597, 0, -1, -0.000002342672132726875, -0.000005496895937540103, 0.00017326933448202908, fals0.0tru0.0fals0.0fals0.0fals0.0fals0.0fals0.0fals0.0false, 99, 50, 50, 50, fals0.0fals0.0fals0.0fals0.0fals0.0fals0.0fals0.0fals0.0false, -1, -1, -1, -1
596, 0, -1, -0.000002197833509853808, -0.000005548682111111702, 0.00017406372353434563, fals0.0tru0.0fals0.0fals0.0fals0.0fals0.0fals0.0fals0.0false, 98, 50, 50, 50, fals0.0fals0.0fals0.0fals0.0fals0.0fals0.0fals0.0fals0.0false, -1, -1, -1, -1
