remainingtime, autonomousrobot, alarm, robotx, roboty, robotangle, treesstate, batterylevel, temperature, waterlevel, groundtankwaterlevel, leaksnumber, usedkeys, clicks 
600, 0, -1, -0.0, -0.000004820451522391522, 0.00016215091454796493, fals0.0fals0.0fals0.0fals0.0fals0.0fals0.0fals0.0fals0.0false, 100, 50, 50, 50, fals0.0fals0.0fals0.0fals0.0fals0.0fals0.0fals0.0fals0.0false, -1, -1
599, 0, -1, -0.000003890489097102545, -0.0000049200552894035354, 0.00016439642058685422, fals0.0fals0.0fals0.0fals0.0fals0.0fals0.0fals0.0fals0.0false, 100, 50, 50, 50, fals0.0fals0.0fals0.0fals0.0fals0.0fals0.0fals0.0fals0.0false, -1, -1
598, 0, -1, -0.0000032764512525318423, -0.000005152477115188958, 0.00016798297292552888, fals0.0fals0.0fals0.0fals0.0fals0.0fals0.0fals0.0fals0.0false, 99, 50, 50, 50, fals0.0fals0.0fals0.0fals0.0fals0.0fals0.0fals0.0fals0.0false, -1, -1
597, 0, -1, -0.0000030544570108759217, -0.0000052379209591890685, 0.0001692683872533962, fals0.0fals0.0fals0.0fals0.0fals0.0fals0.0fals0.0tru0.0false, 99, 50, 50, 50, fals0.0fals0.0fals0.0fals0.0fals0.0fals0.0fals0.0fals0.0false, -1, -1
596, 0, -1, -0.0000028942238259332953, -0.000005287232852424495, 0.00017003784887492657, fals0.0fals0.0fals0.0fals0.0fals0.0fals0.0fals0.0tru0.0false, 98, 50, 50, 50, fals0.0fals0.0fals0.0fals0.0fals0.0fals0.0fals0.0fals0.0false, -1, -1
595, 0, -1, -0.000002785977130770334, -0.0000053380986173579, 0.0001708070485619828, fals0.0fals0.0fals0.0fals0.0fals0.0fals0.0fals0.0tru0.0false, 98, 50, 50, 50, fals0.0fals0.0fals0.0fals0.0fals0.0fals0.0fals0.0fals0.0false, -1, -1
594, 0, -1, -0.0000026207626433460973, -0.000005387140845414251, 0.00017157665570266545, fals0.0fals0.0fals0.0fals0.0tru0.0fals0.0fals0.0tru0.0false, 97, 50, 50, 50, fals0.0fals0.0fals0.0fals0.0fals0.0fals0.0fals0.0fals0.0false, -1, -1
593, 0, -1, -0.0000024776215923338896, -0.000005437714662548387, 0.00017235564882867038, fals0.0fals0.0fals0.0fals0.0tru0.0fals0.0fals0.0tru0.0false, 97, 50, 50, 50, fals0.0fals0.0fals0.0fals0.0fals0.0fals0.0fals0.0fals0.0false, -1, -1
