remainingtime, autonomousrobot, alarm, robotx, roboty, robotangle, treesstate, batterylevel, temperature, waterlevel, groundtankwaterlevel, leaksnumber, usedkeys, clicks 
600, 0, -1, 0.00003224693500669673, -0.00011727242235792801, -0.000053848398238187656, fals0.0fals0.0fals0.0fals0.0fals0.0fals0.0fals0.0fals0.0false, 100, 50, 50, 50, fals0.0fals0.0fals0.0fals0.0fals0.0fals0.0fals0.0fals0.0false, -1, -1
599, 0, -1, 0.00002806843440339435, -0.0001123340698541142, -0.00012987936497665942, fals0.0fals0.0fals0.0fals0.0fals0.0fals0.0fals0.0fals0.0false, 100, 50, 50, 50, fals0.0fals0.0fals0.0fals0.0fals0.0fals0.0fals0.0fals0.0false, -1, -1
598, 0, -1, 0.000023429989596479572, -0.00010739591380115598, -0.00020584044978022575, fals0.0fals0.0fals0.0fals0.0fals0.0fals0.0fals0.0fals0.0false, 99, 50, 50, 50, fals0.0fals0.0fals0.0fals0.0fals0.0fals0.0fals0.0fals0.0false, -1, -1
597, 0, -1, 0.000024484514142386615, -0.00010246169404126704, -0.00028175913030281663, fals0.0fals0.0fals0.0fals0.0fals0.0fals0.0fals0.0fals0.0false, 99, 50, 50, 50, fals0.0fals0.0fals0.0fals0.0fals0.0fals0.0fals0.0fals0.0false, -1, -1
596, 0, -1, 0.00002984500679303892, -0.00009753126505529508, -0.00035778593155555427, fals0.0fals0.0fals0.0fals0.0fals0.0fals0.0fals0.0fals0.0false, 98, 50, 50, 50, fals0.0fals0.0fals0.0fals0.0fals0.0fals0.0fals0.0fals0.0false, -1, -1
595, 0, -1, 0.00003421766814426519, -0.00009258888167096302, -0.00043377684778533876, fals0.0fals0.0fals0.0fals0.0fals0.0fals0.0fals0.0fals0.0false, 98, 50, 50, 50, fals0.0fals0.0fals0.0fals0.0tru0.0fals0.0fals0.0fals0.0false, -1, -1
594, 0, -1, 0.00003838225165964104, -0.00008765146048972383, -0.0005097724497318268, fals0.0fals0.0fals0.0fals0.0fals0.0fals0.0fals0.0fals0.0false, 97, 50, 50, 49.44444444444443, fals0.0fals0.0fals0.0fals0.0tru0.0fals0.0fals0.0fals0.0false, -1, -1
593, 0, -1, 0.00004224088479531929, -0.00008271913247881457, -0.0005857344949617982, fals0.0fals0.0fals0.0fals0.0fals0.0fals0.0fals0.0fals0.0false, 97, 50, 50, 48.88888888888886, fals0.0fals0.0fals0.0fals0.0tru0.0fals0.0fals0.0fals0.0false, -1, -1
592, 0, -1, 0.000045064687583362684, -0.00007779092993587255, -0.000661622267216444, fals0.0fals0.0fals0.0fals0.0fals0.0fals0.0fals0.0fals0.0false, 96, 50, 50, 48.333333333333286, fals0.0fals0.0fals0.0fals0.0tru0.0fals0.0fals0.0fals0.0false, -1, -1
