remainingtime, autonomousrobot, alarm, robotx, roboty, robotangle, treesstate, batterylevel, temperature, waterlevel, groundtankwaterlevel, leaksnumber, usedkeys, clicks 
600, 0, -1, 0.0000328420392179396, -0.00012032078666379675, -0.000006990225756453583, fals0.0fals0.0fals0.0fals0.0fals0.0fals0.0fals0.0fals0.0false, 100, 50, 50, 50, fals0.0fals0.0fals0.0fals0.0fals0.0fals0.0fals0.0fals0.0false, -1, -1
599, 0, -1, 0.00003150089833070524, -0.00011620562872849405, -0.00007029950938886032, fals0.0fals0.0fals0.0fals0.0fals0.0fals0.0fals0.0fals0.0false, 100, 50, 50, 50, fals0.0fals0.0fals0.0fals0.0fals0.0fals0.0fals0.0fals0.0false, -1, -1
598, 0, -1, 0.000027813743145088665, -0.00011192284728167579, -0.00013622452388517559, fals0.0fals0.0fals0.0fals0.0fals0.0fals0.0fals0.0fals0.0false, 99, 50, 50, 50, fals0.0fals0.0fals0.0fals0.0fals0.0fals0.0fals0.0fals0.0false, -1, -1
597, 0, -1, 0.000023799768314347602, -0.00010764515900518745, -0.00020205022883601487, fals0.0fals0.0fals0.0fals0.0fals0.0fals0.0fals0.0fals0.0false, 99, 50, 50, 50, fals0.0fals0.0fals0.0fals0.0fals0.0fals0.0fals0.0fals0.0false, -1, -1
596, 0, -1, 0.000023730886823614128, -0.00010344765905756503, -0.0002665604988578707, fals0.0fals0.0fals0.0fals0.0fals0.0fals0.0fals0.0fals0.0false, 98, 50, 50, 50, fals0.0fals0.0fals0.0fals0.0fals0.0fals0.0fals0.0fals0.0false, -1, -1
595, 0, -1, 0.00002861514440155588, -0.00009933261753758416, -0.00032993004424497485, fals0.0fals0.0fals0.0fals0.0fals0.0fals0.0fals0.0fals0.0false, 98, 50, 50, 50, fals0.0fals0.0fals0.0fals0.0fals0.0fals0.0fals0.0fals0.0false, -1, -1
594, 0, -1, 0.00003165674570482224, -0.00009521914762444794, -0.0003932388499379158, fals0.0fals0.0fals0.0fals0.0fals0.0fals0.0fals0.0fals0.0false, 97, 50, 50, 50, fals0.0fals0.0fals0.0fals0.0fals0.0fals0.0fals0.0fals0.0false, -1, -1
593, 0, -1, 0.00003602079232223332, -0.00009069633961189538, -0.0004629298346117139, fals0.0fals0.0fals0.0fals0.0fals0.0fals0.0fals0.0fals0.0false, 97, 50, 50, 50, fals0.0fals0.0fals0.0fals0.0fals0.0fals0.0fals0.0fals0.0false, -1, -1
